tempo,beats,chroma_stft,rmse,spectral_centroid,spectral_bandwidth,rolloff,zero_crossing_rate,mfcc1,mfcc2,mfcc3,mfcc4,mfcc5,mfcc6,mfcc7,mfcc8,mfcc9,mfcc10,mfcc11,mfcc12,mfcc13,mfcc14,mfcc15,mfcc16,mfcc17,mfcc18,mfcc19,mfcc20
161.4990234375,75,0.2213899499599816,0.079631358385086,1240.5152139145491,1996.7540743072016,2412.6354111237424,0.0428440342008513,-277.081274062918,128.25802807941344,42.4332429949787,37.70335496486962,12.779030015746098,9.593897609415077,-5.991899426433766,-7.540514604802752,-8.031542156040274,-4.9402172553142405,-6.528776548787729,-3.6232914349593712,-7.22777984609267,-7.456974008311741,-1.5753422958597716,1.3918768324643485,3.080010418404553,2.513259528855995,-1.0517659506379835,-2.7533589670623275
